Favorite_Colors,Climate,Number_of_Family_Members,Lifestyle,Natural_light_or_Rich_colors,Gender,Budget,Architectural_Style,Photosensitivity,Color_Tone,Preferred_Ambiance
"Green, White",Intermediate Zone,2-6',Homies,Natural light,Male,High Budget,Minimalist,No,"Neutral (Beige, White, Gray)",Bright and Airy
"Green, Black",Intermediate Zone,2-6',Party-lovers,Natural light,Male,Moderate Budget,Minimalist,Yes,"Cool Tones (Blues, Greens)",Elegant and Sophisticated
"Green, Blue, Yellow, White, Orange",Dry Zone,2-6',"Homies (Prefer staying at home mostly, enjoying quiet activities)",Natural light,Female,Moderate Budget,Minimalist,Yes,"Neutral (Beige, White, Gray)",Bright and Airy
"Red, Green, Blue",Wet Zone,2-6',"Job-runners (Busy with work, less time at home)",Rich colors,Male,Low Budget,Traditional,Yes,"Neutral (Beige, White, Gray)",Cozy and Warm
"Green, Blue, Pink, Grey, White",Dry Zone,1-2',"Homies (Prefer staying at home mostly, enjoying quiet activities)",Natural light,Female,Moderate Budget,Modern,Yes,Mixed/Balanced: A balanced combination of different colors.,Bright and Airy
"Green, Yellow, Pink, Grey, White",Dry Zone,2-6',"Homies (Prefer staying at home mostly, enjoying quiet activities)",Natural light,Female,Moderate Budget,Modern,Yes,No Specific Color Scheme: Flexible and open to new color ideas.,Bright and Airy
"White, Black",Intermediate Zone,2-6',"Homies (Prefer staying at home mostly, enjoying quiet activities)",Natural light,Male,Moderate Budget,Modern,Yes,No Specific Color Scheme: Flexible and open to new color ideas.,Elegant and Sophisticated
White,Dry Zone,2-6',"Homies (Prefer staying at home mostly, enjoying quiet activities)",Natural light,Male,Moderate Budget,Minimalist,No,"Neutral (Beige, White, Gray)",Modern and Minimalist
White,Intermediate Zone,2-6',"Homies (Prefer staying at home mostly, enjoying quiet activities)",Natural light,Male,Moderate Budget,Modern,No,"Neutral (Beige, White, Gray)",Bright and Airy
"Green, Blue, Grey, White, Black, Brown",Intermediate Zone,2-6',"Homies (Prefer staying at home mostly, enjoying quiet activities)",Natural light,Female,Moderate Budget,Traditional,No,"Warm Tones (Reds, Oranges, Yellows)",Bright and Airy
Green,Wet Zone,2-6',"Homies (Prefer staying at home mostly, enjoying quiet activities)",Natural light,Male,Moderate Budget,Modern,No,No Specific Color Scheme: Flexible and open to new color ideas.,Elegant and Sophisticated
Blue,Intermediate Zone,2-6',"Homies (Prefer staying at home mostly, enjoying quiet activities)",Natural light,Female,Moderate Budget,Modern,No,"Neutral (Beige, White, Gray)",Modern and Minimalist
"Pink, Magenta, Black",Wet Zone,2-6',"Homies (Prefer staying at home mostly, enjoying quiet activities)",Natural light,Female,Moderate Budget,Modern,No,"Neutral (Beige, White, Gray)",Bright and Airy
"White, Brown",Intermediate Zone,2-6',"Job-runners (Busy with work, less time at home)",Natural light,Female,Low Budget,Modern,No,"Cool Tones (Blues, Greens)",Bright and Airy
Black,Intermediate Zone,2-6',"Homies (Prefer staying at home mostly, enjoying quiet activities)",Natural light,Female,Moderate Budget,Modern,No,"Neutral (Beige, White, Gray)",Elegant and Sophisticated
White,Wet Zone,2-6',"Homies (Prefer staying at home mostly, enjoying quiet activities)",Natural light,Male,Moderate Budget,Traditional,Yes,"Cool Tones (Blues, Greens)",Bright and Airy
Green,Intermediate Zone,2-6',"Job-runners (Busy with work, less time at home)",Natural light,Male,Moderate Budget,Modern,No,"Neutral (Beige, White, Gray)",Bright and Airy
Blue,Intermediate Zone,2-6',"Homies (Prefer staying at home mostly, enjoying quiet activities)",Natural light,Female,Moderate Budget,Modern,Yes,No Specific Color Scheme: Flexible and open to new color ideas.,Elegant and Sophisticated
"White, Brown",Wet Zone,2-6',"Homies (Prefer staying at home mostly, enjoying quiet activities)",Natural light,Female,Moderate Budget,Modern,No,Mixed/Balanced: A balanced combination of different colors.,Elegant and Sophisticated
Blue,Intermediate Zone,2-6',"Job-runners (Busy with work, less time at home)",Natural light,Female,Low Budget,Modern,Yes,"Cool Tones (Blues, Greens)",Bright and Airy
Blue,Intermediate Zone,2-6',"Job-runners (Busy with work, less time at home)",Natural light,Female,Moderate Budget,Modern,Yes,"Neutral (Beige, White, Gray)",Modern and Minimalist
"Grey, White",Intermediate Zone,2-6',Party-lovers (Enjoy socializing and hosting gatherings in home),Natural light,Male,Moderate Budget,Minimalist,No,"Neutral (Beige, White, Gray)",Cozy and Warm
White,Intermediate Zone,2-6',"Homies (Prefer staying at home mostly, enjoying quiet activities)",Natural light,Male,Moderate Budget,Modern,Yes,No Specific Color Scheme: Flexible and open to new color ideas.,Modern and Minimalist
Black,Dry Zone,2-6',"Homies (Prefer staying at home mostly, enjoying quiet activities)",Natural light,Female,Moderate Budget,Modern,No,No Specific Color Scheme: Flexible and open to new color ideas.,Modern and Minimalist
"White, Black",Intermediate Zone,2-6',"Homies (Prefer staying at home mostly, enjoying quiet activities)",Natural light,Female,Moderate Budget,Modern,Yes,"Neutral (Beige, White, Gray)",Cozy and Warm
"Pink, Magenta, White, Black",Dry Zone,2-6',"Job-runners (Busy with work, less time at home)",Natural light,Female,Low Budget,Modern,No,"Neutral (Beige, White, Gray)",Modern and Minimalist
"Green, Blue, Yellow, Pink, White",Dry Zone,2-6',"Homies (Prefer staying at home mostly, enjoying quiet activities)",Natural light,Male,Moderate Budget,Minimalist,No,"Neutral (Beige, White, Gray)",Elegant and Sophisticated
Yellow,Intermediate Zone,2-6',"Homies (Prefer staying at home mostly, enjoying quiet activities)",Natural light,Female,Moderate Budget,Modern,No,"Neutral (Beige, White, Gray)",Bright and Airy
"White, Black",Dry Zone,2-6',"Homies (Prefer staying at home mostly, enjoying quiet activities)",Rich colors,Male,Moderate Budget,Modern,No,"Neutral (Beige, White, Gray)",Cozy and Warm
"Grey, White, Black",Intermediate Zone,2-6',"Homies (Prefer staying at home mostly, enjoying quiet activities)",Natural light,Female,Moderate Budget,Modern,No,"Neutral (Beige, White, Gray)",Modern and Minimalist
White,Dry Zone,2-6',"Homies (Prefer staying at home mostly, enjoying quiet activities)",Natural light,Female,Moderate Budget,Modern,Yes,"Neutral (Beige, White, Gray)",Bright and Airy
"Green, Blue, White, Black",Intermediate Zone,2-6',"Homies (Prefer staying at home mostly, enjoying quiet activities)",Natural light,Female,Moderate Budget,Modern,Yes,Mixed/Balanced: A balanced combination of different colors.,Bright and Airy
Black,Intermediate Zone,2-6',"Homies (Prefer staying at home mostly, enjoying quiet activities)",Natural light,Male,Moderate Budget,Minimalist,No,No Specific Color Scheme: Flexible and open to new color ideas.,Bright and Airy
Blue,Dry Zone,2-6',"Homies (Prefer staying at home mostly, enjoying quiet activities)",Natural light,Female,Low Budget,Modern,Yes,"Neutral (Beige, White, Gray)",Bright and Airy
White,Intermediate Zone,2-6',"Job-runners (Busy with work, less time at home)",Natural light,Male,High Budget,Modern,No,"Neutral (Beige, White, Gray)",Modern and Minimalist
"Green, Blue, Purple, White, Black",Wet Zone,2-6',"Homies (Prefer staying at home mostly, enjoying quiet activities)",Natural light,Female,Moderate Budget,Modern,Yes,"Neutral (Beige, White, Gray)",Bright and Airy
"Green, White, Black, Brown",Wet Zone,2-6',"Homies (Prefer staying at home mostly, enjoying quiet activities)",Natural light,Female,Moderate Budget,Modern,Yes,"Cool Tones (Blues, Greens)",Modern and Minimalist
"Red, Green, Blue, Magenta, Black",Intermediate Zone,2-6',"Job-runners (Busy with work, less time at home)",Natural light,Female,Low Budget,Minimalist,No,"Cool Tones (Blues, Greens)",Bright and Airy
Purple,Intermediate Zone,2-6',"Job-runners (Busy with work, less time at home)",Natural light,Female,Moderate Budget,Traditional,No,"Neutral (Beige, White, Gray)",Modern and Minimalist
"Purple, Grey, White",Intermediate Zone,2-6',"Homies (Prefer staying at home mostly, enjoying quiet activities)",Natural light,Female,Moderate Budget,Modern,Yes,"Neutral (Beige, White, Gray)",Elegant and Sophisticated
"Green, White, Lavender, Beige, Peach",Intermediate,2-6',"Homies (Prefer staying at home mostly, enjoying quiet activities)",Natural light (Relies on natural lighting creating natural feel),Male,High Budget,Minimalist,No,"Neutral (Beige, White, Gray)",Bright and Airy
"Blue, White, Black, Navy, Mint",Intermediate,2-6',"Homies (Prefer staying at home mostly, enjoying quiet activities)",Natural light (Relies on natural lighting creating natural feel),Female,Moderate Budget,Minimalist,Yes,"Cool Tones (Blues, Greens)",Elegant and Sophisticated
Purple,Intermediate,2-6',"Homies (Prefer staying at home mostly, enjoying quiet activities)",Natural light (Relies on natural lighting creating natural feel),Female,Moderate Budget,Modern,No,"Neutral (Beige, White, Gray)",Bright and Airy
Navy,Wet,2-6',"Homies (Prefer staying at home mostly, enjoying quiet activities)",Natural light (Relies on natural lighting creating natural feel),Male,Moderate Budget,Traditional,No,"Neutral (Beige, White, Gray)",Cozy and Warm
"Lavender, Mint, Peach",Wet,2-6',"Homies (Prefer staying at home mostly, enjoying quiet activities)",Natural light (Relies on natural lighting creating natural feel),Female,Moderate Budget,Modern,No,Mixed/Balanced: A balanced combination of different colors.,Bright and Airy
"Yellow, Pink, Magenta, Black, Lavender, Peach",Wet,2-6',"Job-runners (Busy with work, less time at home)",Natural light (Relies on natural lighting creating natural feel),Female,Moderate Budget,Modern,No,No Specific Color Scheme: Flexible and open to new color ideas.,Bright and Airy
"Green, Blue, Purple, White, Teal, Lavender",Intermediate,2-6',"Homies (Prefer staying at home mostly, enjoying quiet activities)",Natural light (Relies on natural lighting creating natural feel),Female,Moderate Budget,Modern,No,No Specific Color Scheme: Flexible and open to new color ideas.,Elegant and Sophisticated
Red,Intermediate,2-6',"Job-runners (Busy with work, less time at home)",Natural light (Relies on natural lighting creating natural feel),Male,Moderate Budget,Modern,Yes,"Neutral (Beige, White, Gray)",Modern and Minimalist
"Beige, Peach",Dry,2-6',"Homies (Prefer staying at home mostly, enjoying quiet activities)",Natural light (Relies on natural lighting creating natural feel),Male,Moderate Budget,Minimalist,No,"Neutral (Beige, White, Gray)",Bright and Airy
"Teal, Lavender, Navy, Peach, Gold, Silver",Wet,Above 6,"Homies (Prefer staying at home mostly, enjoying quiet activities)",Natural light (Relies on natural lighting creating natural feel),Female,Moderate Budget,Modern,No,"Warm Tones (Reds, Oranges, Yellows)",Bright and Airy
"Red, Green, Blue, Pink, Magenta, Grey, White, Black, Turquoise, Teal, Lavender, Navy, Beige, Coral, Mint, Peach, Gold, Silver",Dry,2-6',"Homies (Prefer staying at home mostly, enjoying quiet activities)",Natural light (Relies on natural lighting creating natural feel),Female,Moderate Budget,Minimalist,No,No Specific Color Scheme: Flexible and open to new color ideas.,Elegant and Sophisticated
Red,Intermediate,2-6',"Homies (Prefer staying at home mostly, enjoying quiet activities)",Natural light (Relies on natural lighting creating natural feel),Female,Moderate Budget,Modern,No,"Neutral (Beige, White, Gray)",Modern and Minimalist
"Green, Blue, Pink, Purple, Magenta, Grey, White, Black, Turquoise, Teal, Lavender, Beige, Mint, Peach, Gold, Silver",Intermediate,2-6',"Homies (Prefer staying at home mostly, enjoying quiet activities)",Natural light (Relies on natural lighting creating natural feel),Female,Moderate Budget,Minimalist,No,"Neutral (Beige, White, Gray)",Bright and Airy
Peach,Wet,2-6',"Homies (Prefer staying at home mostly, enjoying quiet activities)",Natural light (Relies on natural lighting creating natural feel),Female,Moderate Budget,Modern,Yes,"Cool Tones (Blues, Greens)",Bright and Airy
"White, Black, Brown, Navy, Beige, Peach",Intermediate,2-6',"Homies (Prefer staying at home mostly, enjoying quiet activities)",Natural light (Relies on natural lighting creating natural feel),Female,Moderate Budget,Modern,Yes,"Neutral (Beige, White, Gray)",Elegant and Sophisticated
"Green, Blue, Yellow, Navy, Gold",Dry,1-2',"Homies (Prefer staying at home mostly, enjoying quiet activities)",Natural light (Relies on natural lighting creating natural feel),Male,Moderate Budget,Modern,No,"Cool Tones (Blues, Greens)",Bright and Airy
White,Intermediate,2-6',"Job-runners (Busy with work, less time at home)",Natural light (Relies on natural lighting creating natural feel),Female,Moderate Budget,Minimalist,Yes,"Neutral (Beige, White, Gray)",Bright and Airy
"Turquoise, Lavender, Coral, Mint, Peach",Wet,2-6',"Job-runners (Busy with work, less time at home)",Natural light (Relies on natural lighting creating natural feel),Female,Moderate Budget,Modern,No,No Specific Color Scheme: Flexible and open to new color ideas.,Elegant and Sophisticated
Blue,Intermediate,2-6',Party-lovers (Enjoy socializing and hosting gatherings in home),Natural light (Relies on natural lighting creating natural feel),Male,Moderate Budget,Modern,No,Mixed/Balanced: A balanced combination of different colors.,Elegant and Sophisticated
Beige,Intermediate,1-2',"Homies (Prefer staying at home mostly, enjoying quiet activities)",Natural light (Relies on natural lighting creating natural feel),Female,Moderate Budget,Traditional,Yes,"Cool Tones (Blues, Greens)",Bright and Airy
White,Dry,2-6',"Job-runners (Busy with work, less time at home)",Natural light (Relies on natural lighting creating natural feel),Female,Moderate Budget,Modern,Yes,"Neutral (Beige, White, Gray)",Modern and Minimalist
Gold,Dry,2-6',"Job-runners (Busy with work, less time at home)",Natural light (Relies on natural lighting creating natural feel),Male,Low Budget,Minimalist,Yes,"Neutral (Beige, White, Gray)",Cozy and Warm
"Yellow, White, Black, Turquoise, Teal, Lavender, Navy, Peach",Intermediate,2-6',"Homies (Prefer staying at home mostly, enjoying quiet activities)",Natural light (Relies on natural lighting creating natural feel),Female,Moderate Budget,Minimalist,No,No Specific Color Scheme: Flexible and open to new color ideas.,Modern and Minimalist
"Blue, Grey, White, Black, Brown, Navy, Beige, Silver",Dry,2-6',"Homies (Prefer staying at home mostly, enjoying quiet activities)",Natural light (Relies on natural lighting creating natural feel),Male,Moderate Budget,Modern,No,No Specific Color Scheme: Flexible and open to new color ideas.,Modern and Minimalist
White,Wet,2-6',"Homies (Prefer staying at home mostly, enjoying quiet activities)",Natural light (Relies on natural lighting creating natural feel),Female,Moderate Budget,Traditional,No,"Neutral (Beige, White, Gray)",Cozy and Warm
"Grey, White, Black, Silver",Intermediate,2-6',"Homies (Prefer staying at home mostly, enjoying quiet activities)",Natural light (Relies on natural lighting creating natural feel),Male,Moderate Budget,Modern,No,"Neutral (Beige, White, Gray)",Modern and Minimalist
"Green, Yellow, Grey, White, Black, Brown, Lavender, Beige, Mint, Peach",Intermediate,2-6',"Job-runners (Busy with work, less time at home)",Natural light (Relies on natural lighting creating natural feel),Male,Moderate Budget,Modern,No,"Neutral (Beige, White, Gray)",Elegant and Sophisticated
"Green, Blue, White, Lavender, Beige, Peach",Intermediate,2-6',"Job-runners (Busy with work, less time at home)",Natural light (Relies on natural lighting creating natural feel),Female,Moderate Budget,Minimalist,No,"Neutral (Beige, White, Gray)",Bright and Airy
Teal,Intermediate,2-6',"Homies (Prefer staying at home mostly, enjoying quiet activities)",Natural light (Relies on natural lighting creating natural feel),Prefer not to say,Moderate Budget,Modern,Yes,"Neutral (Beige, White, Gray)",Cozy and Warm
Beige,Intermediate,2-6',Party-lovers (Enjoy socializing and hosting gatherings in home),Natural light (Relies on natural lighting creating natural feel),Male,Moderate Budget,Modern,Yes,"Neutral (Beige, White, Gray)",Modern and Minimalist
"Green, White, Black, Brown, Beige",Wet,2-6',"Homies (Prefer staying at home mostly, enjoying quiet activities)",Natural light (Relies on natural lighting creating natural feel),Female,Moderate Budget,Modern,Yes,"Neutral (Beige, White, Gray)",Bright and Airy
"Green, White, Black, Brown, Beige",Wet,2-6',"Homies (Prefer staying at home mostly, enjoying quiet activities)",Natural light (Relies on natural lighting creating natural feel),Female,Moderate Budget,Modern,Yes,Mixed/Balanced: A balanced combination of different colors.,Bright and Airy
Lavender,Intermediate,2-6',"Homies (Prefer staying at home mostly, enjoying quiet activities)",Natural light (Relies on natural lighting creating natural feel),Female,Moderate Budget,Modern,Yes,No Specific Color Scheme: Flexible and open to new color ideas.,Bright and Airy
"Turquoise, Teal, Lavender, Mint",Wet,2-6',Party-lovers (Enjoy socializing and hosting gatherings in home),Natural light (Relies on natural lighting creating natural feel),Male,Moderate Budget,Modern,No,"Neutral (Beige, White, Gray)",Bright and Airy
Lavender,Intermediate,2-6',Party-lovers (Enjoy socializing and hosting gatherings in home),Natural light (Relies on natural lighting creating natural feel),Male,Moderate Budget,Traditional,Yes,"Neutral (Beige, White, Gray)",Modern and Minimalist
"Turquoise, Mint, Gold, Silver",Wet,2-6',"Homies (Prefer staying at home mostly, enjoying quiet activities)",Natural light (Relies on natural lighting creating natural feel),Male,Moderate Budget,Modern,Yes,"Neutral (Beige, White, Gray)",Bright and Airy
Blue,Intermediate,2-6',"Homies (Prefer staying at home mostly, enjoying quiet activities)",Natural light (Relies on natural lighting creating natural feel),Female,Moderate Budget,Minimalist,Yes,"Cool Tones (Blues, Greens)",Modern and Minimalist
"Red, Pink, Purple, Navy, Mint",Intermediate,2-6',"Homies (Prefer staying at home mostly, enjoying quiet activities)",Rich colors (Relies on artificial lighting with bright colors),Female,Moderate Budget,Modern,Yes,"Cool Tones (Blues, Greens)",Bright and Airy
White,Intermediate,2-6',"Homies (Prefer staying at home mostly, enjoying quiet activities)",Natural light (Relies on natural lighting creating natural feel),Female,Low Budget,Modern,No,"Neutral (Beige, White, Gray)",Bright and Airy
Blue,Wet,2-6',"Homies (Prefer staying at home mostly, enjoying quiet activities)",Natural light (Relies on natural lighting creating natural feel),Male,Low Budget,Modern,No,"Cool Tones (Blues, Greens)",Cozy and Warm
Peach,Intermediate,Above 6,"Homies (Prefer staying at home mostly, enjoying quiet activities)",Natural light (Relies on natural lighting creating natural feel),Female,Moderate Budget,Modern,No,"Warm Tones (Reds, Oranges, Yellows)",Cozy and Warm
Peach,Intermediate,Above 6,"Homies (Prefer staying at home mostly, enjoying quiet activities)",Rich colors (Relies on artificial lighting with bright colors),Female,High Budget,Modern,No,"Warm Tones (Reds, Oranges, Yellows)",Cozy and Warm
Navy,Intermediate,2-6',"Homies (Prefer staying at home mostly, enjoying quiet activities)",Natural light (Relies on natural lighting creating natural feel),Female,Moderate Budget,Modern,Yes,"Neutral (Beige, White, Gray)",Elegant and Sophisticated
"Blue, Peach, Gold",Intermediate,2-6',"Homies (Prefer staying at home mostly, enjoying quiet activities)",Natural light (Relies on natural lighting creating natural feel),Female,Moderate Budget,Minimalist,Yes,Mixed/Balanced: A balanced combination of different colors.,Bright and Airy
"Green, Yellow, Grey, White, Lavender, Beige, Peach",Intermediate,2-6',"Job-runners (Busy with work, less time at home)",Natural light (Relies on natural lighting creating natural feel),Female,Moderate Budget,Modern,No,"Neutral (Beige, White, Gray)",Bright and Airy
"Turquoise, Lavender, Coral",Intermediate,2-6',"Homies (Prefer staying at home mostly, enjoying quiet activities)",Natural light (Relies on natural lighting creating natural feel),Male,Moderate Budget,Modern,No,"Neutral (Beige, White, Gray)",Cozy and Warm
"Turquoise, Lavender, Navy, Peach",Dry,2-6',"Homies (Prefer staying at home mostly, enjoying quiet activities)",Natural light (Relies on natural lighting creating natural feel),Female,Low Budget,Minimalist,No,Mixed/Balanced: A balanced combination of different colors.,Modern and Minimalist
"Navy, Beige, Gold",Intermediate,1-2',"Job-runners (Busy with work, less time at home)",Natural light (Relies on natural lighting creating natural feel),Female,Moderate Budget,Modern,Yes,No Specific Color Scheme: Flexible and open to new color ideas.,Bright and Airy
"Pink, Magenta, Grey, White, Turquoise, Lavender, Navy, Coral, Mint, Peach",Intermediate,2-6',"Job-runners (Busy with work, less time at home)",Natural light (Relies on natural lighting creating natural feel),Female,Moderate Budget,Modern,No,"Neutral (Beige, White, Gray)",Vibrant and Energetic
"Lavender, Beige",Dry,2-6',"Homies (Prefer staying at home mostly, enjoying quiet activities)",Natural light (Relies on natural lighting creating natural feel),Male,Moderate Budget,Minimalist,No,"Neutral (Beige, White, Gray)",Bright and Airy
"Beige, Coral, Peach",Intermediate,1-2',"Job-runners (Busy with work, less time at home)",Natural light (Relies on natural lighting creating natural feel),Female,Moderate Budget,Modern,Yes,"Neutral (Beige, White, Gray)",Elegant and Sophisticated
Mint,Intermediate,2-6',"Homies (Prefer staying at home mostly, enjoying quiet activities)",Natural light (Relies on natural lighting creating natural feel),Male,Moderate Budget,Modern,No,"Neutral (Beige, White, Gray)",Modern and Minimalist
"White, Lavender, Beige, Peach",Intermediate,2-6',"Homies (Prefer staying at home mostly, enjoying quiet activities)",Natural light (Relies on natural lighting creating natural feel),Female,Moderate Budget,Modern,No,"Neutral (Beige, White, Gray)",Bright and Airy
"Grey, White, Lavender, Beige",Intermediate,2-6',"Homies (Prefer staying at home mostly, enjoying quiet activities)",Natural light (Relies on natural lighting creating natural feel),Female,Moderate Budget,Minimalist,Yes,"Neutral (Beige, White, Gray)",Modern and Minimalist
"Turquoise, Teal, Lavender, Peach, Silver",Intermediate,2-6',"Homies (Prefer staying at home mostly, enjoying quiet activities)",Natural light (Relies on natural lighting creating natural feel),Male,Moderate Budget,Modern,Yes,"Neutral (Beige, White, Gray)",Modern and Minimalist
"Purple, Navy",Intermediate,2-6',Party-lovers (Enjoy socializing and hosting gatherings in home),Natural light (Relies on natural lighting creating natural feel),Male,Moderate Budget,Modern,Yes,"Neutral (Beige, White, Gray)",Bright and Airy
Navy,Intermediate,2-6',Party-lovers (Enjoy socializing and hosting gatherings in home),Natural light (Relies on natural lighting creating natural feel),Male,Moderate Budget,Modern,No,Mixed/Balanced: A balanced combination of different colors.,Cozy and Warm
Teal,Intermediate,2-6',"Job-runners (Busy with work, less time at home)",Natural light (Relies on natural lighting creating natural feel),Female,Moderate Budget,Modern,No,No Specific Color Scheme: Flexible and open to new color ideas.,Modern and Minimalist
"White, Black, Beige",Intermediate,2-6',"Homies (Prefer staying at home mostly, enjoying quiet activities)",Natural light (Relies on natural lighting creating natural feel),Female,Moderate Budget,Minimalist,Yes,"Neutral (Beige, White, Gray)",Modern and Minimalist
Blue,Intermediate,1-2',"Homies (Prefer staying at home mostly, enjoying quiet activities)",Natural light (Relies on natural lighting creating natural feel),Female,Moderate Budget,Minimalist,No,"Cool Tones (Blues, Greens)",Bright and Airy
Lavender,Intermediate,2-6',"Homies (Prefer staying at home mostly, enjoying quiet activities)",Natural light (Relies on natural lighting creating natural feel),Female,Moderate Budget,Modern,No,"Cool Tones (Blues, Greens)",Modern and Minimalist
White,Dry,2-6',"Homies (Prefer staying at home mostly, enjoying quiet activities)",Rich colors (Relies on artificial lighting with bright colors),Female,Moderate Budget,Traditional,No,No Specific Color Scheme: Flexible and open to new color ideas.,Elegant and Sophisticated
"Blue, White, Black",Dry,2-6',Party-lovers (Enjoy socializing and hosting gatherings in home),Natural light (Relies on natural lighting creating natural feel),Male,Low Budget,Traditional,Yes,"Neutral (Beige, White, Gray)",Elegant and Sophisticated
"Beige, Silver",Dry,2-6',"Job-runners (Busy with work, less time at home)",Natural light (Relies on natural lighting creating natural feel),Female,Moderate Budget,Minimalist,Yes,"Neutral (Beige, White, Gray)",Modern and Minimalist
Navy,Intermediate,2-6',Party-lovers (Enjoy socializing and hosting gatherings in home),Natural light (Relies on natural lighting creating natural feel),Male,Moderate Budget,Modern,Yes,"Cool Tones (Blues, Greens)",Cozy and Warm
Black,Dry,2-6',"Job-runners (Busy with work, less time at home)",Rich colors (Relies on artificial lighting with bright colors),Male,Moderate Budget,Modern,Yes,"Cool Tones (Blues, Greens)",Modern and Minimalist
"Lavender, Beige, Coral, Mint, Peach",Intermediate,1-2',"Job-runners (Busy with work, less time at home)",Natural light (Relies on natural lighting creating natural feel),Male,Low Budget,Minimalist,No,"Cool Tones (Blues, Greens)",Modern and Minimalist
"Grey, White, Lavender, Beige, Peach, Silver",Intermediate,2-6',"Homies (Prefer staying at home mostly, enjoying quiet activities)",Natural light (Relies on natural lighting creating natural feel),Male,Low Budget,Minimalist,No,Mixed/Balanced: A balanced combination of different colors.,Modern and Minimalist
Lavender,Wet,2-6',"Homies (Prefer staying at home mostly, enjoying quiet activities)",Natural light (Relies on natural lighting creating natural feel),Female,Low Budget,Modern,No,"Neutral (Beige, White, Gray)",Cozy and Warm
Lavender,Wet,2-6',"Homies (Prefer staying at home mostly, enjoying quiet activities)",Natural light (Relies on natural lighting creating natural feel),Female,Moderate Budget,Modern,No,"Cool Tones (Blues, Greens)",Bright and Airy
"White, Black",Intermediate,1-2',"Homies (Prefer staying at home mostly, enjoying quiet activities)",Natural light (Relies on natural lighting creating natural feel),Female,Moderate Budget,Minimalist,No,"Neutral (Beige, White, Gray)",Modern and Minimalist
"Turquoise, Teal, Navy, Mint",Intermediate,2-6',"Homies (Prefer staying at home mostly, enjoying quiet activities)",Natural light (Relies on natural lighting creating natural feel),Male,Moderate Budget,Modern,Yes,"Cool Tones (Blues, Greens)",Modern and Minimalist
Navy,Dry,2-6',"Homies (Prefer staying at home mostly, enjoying quiet activities)",Natural light (Relies on natural lighting creating natural feel),Female,Moderate Budget,Traditional,No,"Neutral (Beige, White, Gray)",Elegant and Sophisticated
Blue,Intermediate,Above 6,Party-lovers (Enjoy socializing and hosting gatherings in home),Natural light (Relies on natural lighting creating natural feel),Female,Moderate Budget,Traditional,Yes,"Neutral (Beige, White, Gray)",Cozy and Warm
"Turquoise, Teal, Lavender, Mint",Dry,2-6',"Job-runners (Busy with work, less time at home)",Natural light (Relies on natural lighting creating natural feel),Male,Moderate Budget,Modern,No,"Cool Tones (Blues, Greens)",Cozy and Warm
"Turquoise, Teal, Gold, Silver",Intermediate,1-2',"Homies (Prefer staying at home mostly, enjoying quiet activities)",Natural light (Relies on natural lighting creating natural feel),Male,Moderate Budget,Modern,Yes,"Neutral (Beige, White, Gray)",Cozy and Warm
"Blue, Pink, Navy",Wet,2-6',"Homies (Prefer staying at home mostly, enjoying quiet activities)",Natural light (Relies on natural lighting creating natural feel),Female,Moderate Budget,Modern,No,Mixed/Balanced: A balanced combination of different colors.,Bright and Airy
"White, Lavender, Beige, Mint, Peach",Intermediate,2-6',"Homies (Prefer staying at home mostly, enjoying quiet activities)",Natural light (Relies on natural lighting creating natural feel),Female,Moderate Budget,Modern,No,"Neutral (Beige, White, Gray)",Bright and Airy
"Teal, Lavender, Peach, Silver",Dry,2-6',Party-lovers (Enjoy socializing and hosting gatherings in home),Natural light (Relies on natural lighting creating natural feel),Male,Moderate Budget,Modern,No,"Cool Tones (Blues, Greens)",Elegant and Sophisticated
"Green, Pink, Purple, White",Wet,2-6',"Homies (Prefer staying at home mostly, enjoying quiet activities)",Rich colors (Relies on artificial lighting with bright colors),Female,Moderate Budget,Minimalist,No,"Cool Tones (Blues, Greens)",Cozy and Warm
"Yellow, Pink, Magenta, Peach",Intermediate,2-6',"Job-runners (Busy with work, less time at home)",Natural light (Relies on natural lighting creating natural feel),Female,Low Budget,Minimalist,No,Mixed/Balanced: A balanced combination of different colors.,Bright and Airy
Navy,Wet,2-6',"Job-runners (Busy with work, less time at home)",Natural light (Relies on natural lighting creating natural feel),Female,Moderate Budget,Minimalist,Yes,No Specific Color Scheme: Flexible and open to new color ideas.,Elegant and Sophisticated
"Green, White, Beige, Peach",Intermediate,2-6',"Homies (Prefer staying at home mostly, enjoying quiet activities)",Natural light (Relies on natural lighting creating natural feel),Female,Moderate Budget,Minimalist,No,"Neutral (Beige, White, Gray)",Bright and Airy
"Turquoise, Teal, Beige, Silver",Intermediate,2-6',"Homies (Prefer staying at home mostly, enjoying quiet activities)",Natural light (Relies on natural lighting creating natural feel),Female,Moderate Budget,Modern,No,Mixed/Balanced: A balanced combination of different colors.,Modern and Minimalist
"Pink, Purple, Grey, White",Intermediate,2-6',"Homies (Prefer staying at home mostly, enjoying quiet activities)",Natural light (Relies on natural lighting creating natural feel),Female,Moderate Budget,Minimalist,No,Mixed/Balanced: A balanced combination of different colors.,Modern and Minimalist
"Grey, White, Turquoise",Intermediate,2-6',Party-lovers (Enjoy socializing and hosting gatherings in home),Natural light (Relies on natural lighting creating natural feel),Male,High Budget,Modern,No,Mixed/Balanced: A balanced combination of different colors.,Elegant and Sophisticated
White,Intermediate,2-6',"Job-runners (Busy with work, less time at home)",Natural light (Relies on natural lighting creating natural feel),Female,Moderate Budget,Modern,Yes,"Neutral (Beige, White, Gray)",Modern and Minimalist
"Red, Blue, Purple",Dry,2-6',"Homies (Prefer staying at home mostly, enjoying quiet activities)",Natural light (Relies on natural lighting creating natural feel),Male,Moderate Budget,Modern,No,"Neutral (Beige, White, Gray)",Cozy and Warm
"Blue, Pink, Magenta",Intermediate,1-2',"Job-runners (Busy with work, less time at home)",Rich colors (Relies on artificial lighting with bright colors),Male,Moderate Budget,Traditional,No,"Cool Tones (Blues, Greens)",Bright and Airy
"Red, Blue",Wet,1-2',"Job-runners (Busy with work, less time at home)",Natural light (Relies on natural lighting creating natural feel),Female,Moderate Budget,Modern,No,"Warm Tones (Reds, Oranges, Yellows)",Cozy and Warm
"Blue, Turquoise",Dry,2-6',"Job-runners (Busy with work, less time at home)",Natural light (Relies on natural lighting creating natural feel),Male,Moderate Budget,Traditional,No,"Warm Tones (Reds, Oranges, Yellows)",Cozy and Warm
"Magenta, Grey",Wet,1-2',"Job-runners (Busy with work, less time at home)",Natural light (Relies on natural lighting creating natural feel),Male,Moderate Budget,Modern,No,"Neutral (Beige, White, Gray)",Cozy and Warm
"Black, Brown, Lavender, Mint, Peach",Dry,1-2',"Homies (Prefer staying at home mostly, enjoying quiet activities)",Natural light (Relies on natural lighting creating natural feel),Female,Moderate Budget,Traditional,No,"Warm Tones (Reds, Oranges, Yellows)",Elegant and Sophisticated
Beige,Intermediate,2-6',"Homies (Prefer staying at home mostly, enjoying quiet activities)",Rich colors (Relies on artificial lighting with bright colors),Male,Moderate Budget,Modern,Yes,"Neutral (Beige, White, Gray)",Bright and Airy
"Orange, Lavender, Peach",Wet,2-6',"Homies (Prefer staying at home mostly, enjoying quiet activities)",Natural light (Relies on natural lighting creating natural feel),Female,Moderate Budget,Modern,Yes,"Warm Tones (Reds, Oranges, Yellows)",Cozy and Warm
"Red, Green, Blue, Yellow, Pink, Brown",Dry,2-6',"Job-runners (Busy with work, less time at home)",Rich colors (Relies on artificial lighting with bright colors),Male,High Budget,Modern,No,"Cool Tones (Blues, Greens)",Modern and Minimalist
"Yellow, Pink",Wet,2-6',"Homies (Prefer staying at home mostly, enjoying quiet activities)",Natural light (Relies on natural lighting creating natural feel),Male,Moderate Budget,Modern,No,"Neutral (Beige, White, Gray)",Bright and Airy
"Grey, White, Black",Wet,1-2',"Homies (Prefer staying at home mostly, enjoying quiet activities)",Natural light (Relies on natural lighting creating natural feel),Female,Moderate Budget,Traditional,No,"Neutral (Beige, White, Gray)",Elegant and Sophisticated
"Lavender, Navy, Mint, Peach, Silver",Wet,2-6',"Homies (Prefer staying at home mostly, enjoying quiet activities)",Natural light (Relies on natural lighting creating natural feel),Female,Moderate Budget,Modern,No,"Cool Tones (Blues, Greens)",Cozy and Warm
"Turquoise, Teal, Mint",Wet,1-2',"Job-runners (Busy with work, less time at home)",Natural light (Relies on natural lighting creating natural feel),Female,Moderate Budget,Modern,No,"Neutral (Beige, White, Gray)",Cozy and Warm
"Beige, Coral, Peach",Dry,1-2',"Homies (Prefer staying at home mostly, enjoying quiet activities)",Natural light (Relies on natural lighting creating natural feel),Female,Moderate Budget,Modern,No,"Warm Tones (Reds, Oranges, Yellows)",Modern and Minimalist
"Beige, Gold",Wet,1-2',"Homies (Prefer staying at home mostly, enjoying quiet activities)",Natural light (Relies on natural lighting creating natural feel),Male,Moderate Budget,Minimalist,No,"Cool Tones (Blues, Greens)",Elegant and Sophisticated
"Purple, Magenta, Grey, White",Wet,2-6',"Homies (Prefer staying at home mostly, enjoying quiet activities)",Natural light (Relies on natural lighting creating natural feel),Female,Moderate Budget,Modern,No,"Cool Tones (Blues, Greens)",Modern and Minimalist
"Lavender, Beige, Mint",Wet,2-6',"Homies (Prefer staying at home mostly, enjoying quiet activities)",Natural light (Relies on natural lighting creating natural feel),Female,Moderate Budget,Modern,No,"Cool Tones (Blues, Greens)",Bright and Airy
"Turquoise, Teal, Beige, Mint",Wet,2-6',"Homies (Prefer staying at home mostly, enjoying quiet activities)",Natural light (Relies on natural lighting creating natural feel),Female,Moderate Budget,Modern,No,"Cool Tones (Blues, Greens)",Vibrant and Energetic
"White, Black, Navy",Intermediate,1-2',"Homies (Prefer staying at home mostly, enjoying quiet activities)",Natural light (Relies on natural lighting creating natural feel),Male,Moderate Budget,Modern,No,Mixed/Balanced: A balanced combination of different colors.,Bright and Airy
"Purple, Magenta, White",Wet,2-6',"Homies (Prefer staying at home mostly, enjoying quiet activities)",Natural light (Relies on natural lighting creating natural feel),Female,Moderate Budget,Modern,No,"Warm Tones (Reds, Oranges, Yellows)",Elegant and Sophisticated
"Blue, White, Beige",Wet,2-6',"Homies (Prefer staying at home mostly, enjoying quiet activities)",Natural light (Relies on natural lighting creating natural feel),Female,Moderate Budget,Modern,No,"Cool Tones (Blues, Greens)",Elegant and Sophisticated
"White, Teal, Lavender",Wet,2-6',"Homies (Prefer staying at home mostly, enjoying quiet activities)",Natural light (Relies on natural lighting creating natural feel),Male,Moderate Budget,Modern,No,"Cool Tones (Blues, Greens)",Modern and Minimalist
"White, Black, Orange, Beige, Coral, Mint",Wet,2-6',"Homies (Prefer staying at home mostly, enjoying quiet activities)",Natural light (Relies on natural lighting creating natural feel),Male,Moderate Budget,Traditional,No,"Cool Tones (Blues, Greens)",Bright and Airy
"Grey, White, Mint, Peach",Wet,1-2',"Job-runners (Busy with work, less time at home)",Natural light (Relies on natural lighting creating natural feel),Male,Moderate Budget,Modern,No,"Warm Tones (Reds, Oranges, Yellows)",Elegant and Sophisticated
"Grey, White, Coral, Mint, Peach",Dry,2-6',"Homies (Prefer staying at home mostly, enjoying quiet activities)",Natural light (Relies on natural lighting creating natural feel),Male,High Budget,Modern,No,"Warm Tones (Reds, Oranges, Yellows)",Elegant and Sophisticated
"Yellow, Coral, Gold, Silver",Dry,2-6',"Job-runners (Busy with work, less time at home)",Natural light (Relies on natural lighting creating natural feel),Female,Moderate Budget,Minimalist,No,"Cool Tones (Blues, Greens)",Modern and Minimalist
"Turquoise, Teal, Beige, Mint",Wet,2-6',"Job-runners (Busy with work, less time at home)",Natural light (Relies on natural lighting creating natural feel),Male,Moderate Budget,Modern,No,"Cool Tones (Blues, Greens)",Cozy and Warm
"Red, Yellow, Magenta",Wet,2-6',"Homies (Prefer staying at home mostly, enjoying quiet activities)",Natural light (Relies on natural lighting creating natural feel),Female,Moderate Budget,Modern,No,"Neutral (Beige, White, Gray)",Cozy and Warm
"Purple, Magenta, Lavender",Wet,2-6',"Homies (Prefer staying at home mostly, enjoying quiet activities)",Natural light (Relies on natural lighting creating natural feel),Female,High Budget,Modern,No,"Cool Tones (Blues, Greens)",Elegant and Sophisticated
"Yellow, Beige, Peach, Gold",Dry,2-6',"Homies (Prefer staying at home mostly, enjoying quiet activities)",Natural light (Relies on natural lighting creating natural feel),Female,Moderate Budget,Traditional,No,"Neutral (Beige, White, Gray)",Modern and Minimalist
"Blue, Teal, Navy",Wet,1-2',"Job-runners (Busy with work, less time at home)",Natural light (Relies on natural lighting creating natural feel),Female,High Budget,Modern,No,"Cool Tones (Blues, Greens)",Modern and Minimalist
"Beige, Coral, Peach, Silver",Wet,2-6',"Homies (Prefer staying at home mostly, enjoying quiet activities)",Natural light (Relies on natural lighting creating natural feel),Female,High Budget,Modern,No,"Cool Tones (Blues, Greens)",Elegant and Sophisticated
"Turquoise, Teal, Beige",Wet,2-6',"Homies (Prefer staying at home mostly, enjoying quiet activities)",Natural light (Relies on natural lighting creating natural feel),Female,Moderate Budget,Modern,No,"Warm Tones (Reds, Oranges, Yellows)",Bright and Airy
"Orange, Beige, Gold",Wet,2-6',"Homies (Prefer staying at home mostly, enjoying quiet activities)",Rich colors (Relies on artificial lighting with bright colors),Male,Moderate Budget,Traditional,No,"Warm Tones (Reds, Oranges, Yellows)",Modern and Minimalist
"Brown, Orange, Beige, Gold",Dry,2-6',"Homies (Prefer staying at home mostly, enjoying quiet activities)",Natural light (Relies on natural lighting creating natural feel),Male,Moderate Budget,Traditional,No,"Cool Tones (Blues, Greens)",Elegant and Sophisticated
"Pink, Beige, Mint, Peach, Gold, Silver",Wet,2-6',"Homies (Prefer staying at home mostly, enjoying quiet activities)",Natural light (Relies on natural lighting creating natural feel),Female,Moderate Budget,Modern,No,"Cool Tones (Blues, Greens)",Elegant and Sophisticated
"Grey, White, Black, Silver",Wet,2-6',"Job-runners (Busy with work, less time at home)",Natural light (Relies on natural lighting creating natural feel),Male,Moderate Budget,Traditional,No,Mixed/Balanced: A balanced combination of different colors.,Modern and Minimalist
"Blue, White, Navy, Mint, Gold",Intermediate,1-2',"Homies (Prefer staying at home mostly, enjoying quiet activities)",Natural light (Relies on natural lighting creating natural feel),Male,Moderate Budget,Traditional,No,"Cool Tones (Blues, Greens)",Modern and Minimalist
"Yellow, Turquoise, Teal, Lavender, Peach, Silver",Wet,2-6',"Homies (Prefer staying at home mostly, enjoying quiet activities)",Natural light (Relies on natural lighting creating natural feel),Female,Moderate Budget,Traditional,No,No Specific Color Scheme: Flexible and open to new color ideas.,Modern and Minimalist
"White, Black",Wet,1-2',"Homies (Prefer staying at home mostly, enjoying quiet activities)",Natural light (Relies on natural lighting creating natural feel),Male,Low Budget,Modern,No,"Neutral (Beige, White, Gray)",Bright and Airy
"Teal, Beige, Mint",Wet,2-6',"Homies (Prefer staying at home mostly, enjoying quiet activities)",Natural light (Relies on natural lighting creating natural feel),Female,Moderate Budget,Traditional,No,"Warm Tones (Reds, Oranges, Yellows)",Elegant and Sophisticated
"Beige, Peach",Intermediate,1-2',"Homies (Prefer staying at home mostly, enjoying quiet activities)",Natural light (Relies on natural lighting creating natural feel),Female,Moderate Budget,Traditional,No,Mixed/Balanced: A balanced combination of different colors.,Modern and Minimalist
"Red, Pink, White",Wet,2-6',Party-lovers (Enjoy socializing and hosting gatherings in home),Rich colors (Relies on artificial lighting with bright colors),Male,High Budget,Traditional,No,"Cool Tones (Blues, Greens)",Elegant and Sophisticated
"Black, Teal, Navy",Intermediate,2-6',"Job-runners (Busy with work, less time at home)",Natural light (Relies on natural lighting creating natural feel),Male,Moderate Budget,Modern,No,Mixed/Balanced: A balanced combination of different colors.,Modern and Minimalist
"Blue, Grey, White, Navy",Wet,2-6',"Homies (Prefer staying at home mostly, enjoying quiet activities)",Natural light (Relies on natural lighting creating natural feel),Male,High Budget,Minimalist,No,"Warm Tones (Reds, Oranges, Yellows)",Elegant and Sophisticated
"Grey, White, Teal, Beige",Wet,2-6',"Homies (Prefer staying at home mostly, enjoying quiet activities)",Natural light (Relies on natural lighting creating natural feel),Female,High Budget,Modern,No,"Warm Tones (Reds, Oranges, Yellows)",Elegant and Sophisticated
"Magenta, Teal, Silver",Wet,2-6',"Homies (Prefer staying at home mostly, enjoying quiet activities)",Natural light (Relies on natural lighting creating natural feel),Female,Moderate Budget,Minimalist,No,"Cool Tones (Blues, Greens)",Elegant and Sophisticated
"Purple, Magenta, Gold, Silver",Wet,2-6',Party-lovers (Enjoy socializing and hosting gatherings in home),Rich colors (Relies on artificial lighting with bright colors),Female,Moderate Budget,Minimalist,No,"Cool Tones (Blues, Greens)",Bright and Airy
"Purple, Grey",Intermediate,2-6',"Job-runners (Busy with work, less time at home)",Natural light (Relies on natural lighting creating natural feel),Male,Moderate Budget,Modern,No,Mixed/Balanced: A balanced combination of different colors.,Bright and Airy
"Turquoise, Teal, Beige",Wet,2-6',"Homies (Prefer staying at home mostly, enjoying quiet activities)",Natural light (Relies on natural lighting creating natural feel),Female,Moderate Budget,Traditional,No,"Warm Tones (Reds, Oranges, Yellows)",Elegant and Sophisticated
"Purple, Magenta, Grey",Wet,2-6',"Job-runners (Busy with work, less time at home)",Natural light (Relies on natural lighting creating natural feel),Male,Moderate Budget,Modern,No,"Cool Tones (Blues, Greens)",Elegant and Sophisticated
"Magenta, White, Black",Wet,2-6',"Job-runners (Busy with work, less time at home)",Natural light (Relies on natural lighting creating natural feel),Female,Moderate Budget,Modern,No,"Warm Tones (Reds, Oranges, Yellows)",Elegant and Sophisticated
"White, Black, Brown, Orange",Wet,2-6',Party-lovers (Enjoy socializing and hosting gatherings in home),Natural light (Relies on natural lighting creating natural feel),Female,Moderate Budget,Modern,No,"Cool Tones (Blues, Greens)",Elegant and Sophisticated
"Navy, Beige, Mint, Gold, Silver",Wet,2-6',"Job-runners (Busy with work, less time at home)",Natural light (Relies on natural lighting creating natural feel),Female,Moderate Budget,Traditional,No,"Cool Tones (Blues, Greens)",Elegant and Sophisticated
"Magenta, White",Wet,2-6',"Homies (Prefer staying at home mostly, enjoying quiet activities)",Natural light (Relies on natural lighting creating natural feel),Female,Moderate Budget,Modern,No,"Warm Tones (Reds, Oranges, Yellows)",Elegant and Sophisticated
"White, Lavender, Peach",Wet,2-6',"Job-runners (Busy with work, less time at home)",Natural light (Relies on natural lighting creating natural feel),Female,Moderate Budget,Modern,No,"Cool Tones (Blues, Greens)",Elegant and Sophisticated
"White, Black",Wet,2-6',"Job-runners (Busy with work, less time at home)",Natural light (Relies on natural lighting creating natural feel),Female,Moderate Budget,Modern,No,"Warm Tones (Reds, Oranges, Yellows)",Elegant and Sophisticated
"Black, Brown",Wet,2-6',"Job-runners (Busy with work, less time at home)",Natural light (Relies on natural lighting creating natural feel),Male,High Budget,Modern,No,"Cool Tones (Blues, Greens)",Modern and Minimalist
"Blue, Yellow, Pink, Purple",Intermediate,1-2',"Job-runners (Busy with work, less time at home)",Natural light (Relies on natural lighting creating natural feel),Female,Moderate Budget,Modern,No,"Neutral (Beige, White, Gray)",Elegant and Sophisticated
"White, Black, Brown",Wet,1-2',"Homies (Prefer staying at home mostly, enjoying quiet activities)",Natural light (Relies on natural lighting creating natural feel),Male,Moderate Budget,Modern,No,"Warm Tones (Reds, Oranges, Yellows)",Elegant and Sophisticated
"Lavender, Beige, Coral",Wet,1-2',"Homies (Prefer staying at home mostly, enjoying quiet activities)",Natural light (Relies on natural lighting creating natural feel),Male,Moderate Budget,Modern,No,"Cool Tones (Blues, Greens)",Vibrant and Energetic
"White, Coral",Wet,2-6',"Job-runners (Busy with work, less time at home)",Natural light (Relies on natural lighting creating natural feel),Female,Moderate Budget,Modern,No,No Specific Color Scheme: Flexible and open to new color ideas.,Elegant and Sophisticated
"White, Brown, Turquoise, Teal",Wet,2-6',"Homies (Prefer staying at home mostly, enjoying quiet activities)",Natural light (Relies on natural lighting creating natural feel),Female,Moderate Budget,Modern,No,"Cool Tones (Blues, Greens)",Elegant and Sophisticated
"Lavender, Beige, Peach",Wet,1-2',"Homies (Prefer staying at home mostly, enjoying quiet activities)",Natural light (Relies on natural lighting creating natural feel),Male,Moderate Budget,Modern,No,"Warm Tones (Reds, Oranges, Yellows)",Modern and Minimalist
"Magenta, White, Beige",Wet,2-6',"Homies (Prefer staying at home mostly, enjoying quiet activities)",Natural light (Relies on natural lighting creating natural feel),Male,Moderate Budget,Modern,No,"Neutral (Beige, White, Gray)",Elegant and Sophisticated
"Yellow, White",Intermediate,2-6',"Homies (Prefer staying at home mostly, enjoying quiet activities)",Natural light (Relies on natural lighting creating natural feel),Female,Moderate Budget,Modern,No,"Neutral (Beige, White, Gray)",Elegant and Sophisticated
"Beige, Coral, Mint, Peach, Gold",Dry,1-2',"Homies (Prefer staying at home mostly, enjoying quiet activities)",Natural light (Relies on natural lighting creating natural feel),Male,Moderate Budget,Traditional,No,"Cool Tones (Blues, Greens)",Cozy and Warm
"White, Mint",Wet,2-6',"Homies (Prefer staying at home mostly, enjoying quiet activities)",Natural light (Relies on natural lighting creating natural feel),Female,Moderate Budget,Modern,No,"Cool Tones (Blues, Greens)",Elegant and Sophisticated
Pink,Intermediate,2-6',"Homies (Prefer staying at home mostly, enjoying quiet activities)",Natural light (Relies on natural lighting creating natural feel),Female,Moderate Budget,Minimalist,No,"Cool Tones (Blues, Greens)",Elegant and Sophisticated
"Black, Gold, Silver",Wet,2-6',"Homies (Prefer staying at home mostly, enjoying quiet activities)",Natural light (Relies on natural lighting creating natural feel),Female,Moderate Budget,Modern,No,"Cool Tones (Blues, Greens)",Modern and Minimalist
Coral,Dry,2-6',"Homies (Prefer staying at home mostly, enjoying quiet activities)",Natural light (Relies on natural lighting creating natural feel),Male,Low Budget,Traditional,No,"Warm Tones (Reds, Oranges, Yellows)",Cozy and Warm
Beige,Dry,2-6',"Homies (Prefer staying at home mostly, enjoying quiet activities)",Rich colors (Relies on artificial lighting with bright colors),Male,Moderate Budget,Modern,No,"Neutral (Beige, White, Gray)",Modern and Minimalist
"Turquoise, Teal, Lavender",Wet,2-6',"Homies (Prefer staying at home mostly, enjoying quiet activities)",Rich colors (Relies on artificial lighting with bright colors),Female,High Budget,Modern,No,"Cool Tones (Blues, Greens)",Vibrant and Energetic
